input,bytes,sha256,upstream_revision
app-traces/amg.json,298,3ebf359a0976532c04cebd3cb4432589c2c9ec3d7b6fe61661c042f6adc2121c,ec8923711f8dc21eedff7189f12b02eb06845d2f
app-traces/amg_gpu.json,2741,1b50a9a6dbc612c718b2654462c9dda04674b61b5f070651a327b482c4e1f027,ec8923711f8dc21eedff7189f12b02eb06845d2f
app-traces/lulesh.json,1626,9073035ecf77e7fde65262f782286207e76cca24312b2e01688b038901d021ee,ec8923711f8dc21eedff7189f12b02eb06845d2f
app-traces/lulesh_gpu.json,14949,5159f2cde3ee6aae05bfd2e6603b6ccba0d4290236cd5525e2d3c877cf1ba293,ec8923711f8dc21eedff7189f12b02eb06845d2f
app-traces/nekbone.json,393,4d29bf7464e1426b442c5d6ce6202796d5b169288604f26bf068fc86a0b9a684,ec8923711f8dc21eedff7189f12b02eb06845d2f
app-traces/nekbone_gpu.json,3470,fdef9cf9a9b9de20661164c1752bc4a6198dd892e811adfeb7672643df5252e1,ec8923711f8dc21eedff7189f12b02eb06845d2f
app-traces/pennant.json,2163,e7c446de44482c8e93dfff6abb0e255b337b2904a287e797ab49c381bc372311,ec8923711f8dc21eedff7189f12b02eb06845d2f
app-traces/pennant_gpu.json,29611,94a1d4103aab80a59f21afcdeadd23ac1bc4f540f23e4d33ed8177a4a4e6c957,ec8923711f8dc21eedff7189f12b02eb06845d2f
basic-tests/cpu-stream.json,488,0f5b512ce7aa87ca132b6b2d19b4de716aaf6ab740e5712b748b33a11ff8c445,ec8923711f8dc21eedff7189f12b02eb06845d2f
basic-tests/cpu-ustride.json,1187,6519b0c1f92e66667db3e355d2d58343284487219a3082f687fd9c0a70f8e222,ec8923711f8dc21eedff7189f12b02eb06845d2f
basic-tests/gpu-stream.json,535,34d10c083f159800fbfd05fa50ae8041a871e3e9872cf8692c9d8c0523ebb4c9,ec8923711f8dc21eedff7189f12b02eb06845d2f
basic-tests/gpu-ustride.json,1605,72b74a4c97ad0fda7262539b288b0c2daf5092f3d345ea59d5ee7057be5d5681,ec8923711f8dc21eedff7189f12b02eb06845d2f
basic-tests/pattern-size-test.json,353,2506a7f9c760da2a4a59296eb29c45608f650f2ac066094046a94ef8998cffb8,ec8923711f8dc21eedff7189f12b02eb06845d2f
